date,label
2013-06-28,0.0
2013-10-30,0.0
2013-12-29,0.0
2014-01-28,-1.0
2014-02-02,-1.0
2014-02-11,-1.0
2014-02-24,-1.0
2014-03-06,0.0
2014-03-20,1.0
2014-04-23,0.0
2014-04-30,-1.0
2014-05-17,1.0
2014-05-29,-1.0
2014-05-31,1.0
2014-06-11,1.0
2014-06-12,0.0
2014-07-31,0.0
2014-08-01,0.0
2014-08-05,0.0
2014-08-12,0.0
2014-08-22,-1.0
2014-08-24,-0.6666666666666666
2014-09-13,0.0
2014-09-22,0.0
2014-11-12,1.0
2014-11-16,0.0
2014-12-20,0.0
2015-01-01,-0.17777777777777778
2015-01-02,-0.13193403298350825
2015-01-03,-0.017241379310344827
2015-01-04,-0.03669724770642202
2015-01-05,-0.10260115606936417
2015-01-06,0.025503355704697986
2015-01-07,-0.05148514851485148
2015-01-08,0.10050675675675676
2015-01-09,-0.04381443298969072
2015-01-10,-0.08181818181818182
2015-01-11,-0.05555555555555555
2015-01-12,-0.18311874105865522
2015-01-13,-0.05995203836930456
2015-01-14,-0.12093023255813953
2015-01-15,-0.1904218928164196
2015-01-16,-0.17294117647058824
2015-01-17,-0.11046511627906977
2015-01-18,-0.13580246913580246
2015-01-19,-0.072
2015-01-20,0.09983361064891846
2015-01-21,0.15009560229445507
2015-01-22,-0.1036970243462579
2015-01-23,0.08071278825995808
2015-01-24,-0.0625
2015-01-25,-0.012422360248447204
2015-01-26,0.1552917903066271
2015-01-27,0.07653319817536747
2015-01-28,0.12618963694043003
2015-01-29,0.022747546833184657
2015-01-30,0.11507479861910241
2015-01-31,0.00980392156862745
2015-02-01,0.15753424657534246
2015-02-02,0.11214953271028037
2015-02-03,-0.043909348441926344
2015-02-04,0.06538461538461539
2015-02-05,-0.017660044150110375
2015-02-06,-0.01602136181575434
2015-02-07,-0.013513513513513514
2015-02-08,-0.05844155844155844
2015-02-09,0.06702898550724638
2015-02-10,0.2542134831460674
2015-02-11,-0.016713091922005572
2015-02-12,-0.10519062930638494
2015-02-13,0.03580786026200873
2015-02-14,0.04437869822485207
2015-02-15,-0.16326530612244897
2015-02-16,-0.09558823529411764
2015-02-17,-0.023728813559322035
2015-02-18,-0.018900343642611683
2015-02-19,-0.012738853503184714
2015-02-20,0.06183115338882283
2015-02-21,-0.017045454545454544
2015-02-22,0.11042944785276074
2015-02-23,0.09868421052631579
2015-02-24,-0.02866593164277839
2015-02-25,-0.17745620715917745
2015-02-26,0.005405405405405406
2015-02-27,-0.046228710462287104
2015-02-28,-0.13333333333333333
2015-03-01,-0.07746478873239436
2015-03-02,-0.00576036866359447
2015-03-03,0.04341926729986431
2015-03-04,0.0013440860215053765
2015-03-05,-0.10819327731092437
2015-03-06,-0.11891891891891893
2015-03-07,-0.04950495049504951
2015-03-08,0.006289308176100629
2015-03-09,-0.033390705679862305
2015-03-10,-0.10753598645215919
2015-03-11,-0.11400966183574879
2015-03-12,-0.035024154589371984
2015-03-13,-0.13618157543391188
2015-03-14,-0.022988505747126436
2015-03-15,-0.24864864864864866
2015-03-16,-0.005788712011577424
2015-03-17,0.002442002442002442
2015-03-18,0.06241331484049931
2015-03-19,-0.06332992849846783
2015-03-20,-0.17766497461928935
2015-03-21,-0.05339805825242718
2015-03-22,0.0
2015-03-23,0.0018248175182481751
2015-03-24,0.11498708010335917
2015-03-25,-0.17899761336515513
2015-03-26,-0.08333333333333333
2015-03-27,-0.19070904645476772
2015-03-28,-0.01507537688442211
2015-03-29,0.017543859649122806
2015-03-30,0.053057553956834536
2015-03-31,0.05312084993359894
2015-04-01,-0.04219409282700422
2015-04-02,0.06051873198847262
2015-04-03,0.025
2015-04-04,0.15942028985507245
2015-04-05,-0.03669724770642202
2015-04-06,0.146455223880597
2015-04-07,0.03501945525291829
2015-04-08,-0.07741251325556733
2015-04-09,0.02925531914893617
2015-04-10,0.016632016632016633
2015-04-11,0.10326086956521739
2015-04-12,-0.05844155844155844
2015-04-13,0.08849557522123894
2015-04-14,-0.05759162303664921
2015-04-15,-0.11901504787961696
2015-04-16,-0.005208333333333333
2015-04-17,-0.07252440725244072
2015-04-18,-0.03546099290780142
2015-04-19,0.06140350877192982
2015-04-20,0.18543046357615894
2015-04-21,0.09146341463414634
2015-04-22,0.23423423423423423
2015-04-23,0.0782520325203252
2015-04-24,0.11581920903954802
2015-04-25,0.031446540880503145
2015-04-26,-0.031007751937984496
2015-04-27,0.19390832328106153
2015-04-28,0.005166744950681071
2015-04-29,-0.08112582781456953
2015-04-30,-0.15346534653465346
2015-05-01,-0.05486968449931413
2015-05-02,0.01020408163265306
2015-05-03,0.12030075187969924
2015-05-04,0.07538461538461538
2015-05-05,-0.07289002557544758
2015-05-06,-0.1423106350420811
2015-05-07,-0.21452702702702703
2015-05-08,0.05694760820045558
2015-05-09,0.05813953488372093
2015-05-10,0.12359550561797752
2015-05-11,0.1111111111111111
2015-05-12,0.0
2015-05-13,-0.005714285714285714
2015-05-14,0.1537190082644628
2015-05-15,0.03691813804173355
2015-05-16,-0.07339449541284404
2015-05-17,-0.0196078431372549
2015-05-18,0.15242018537590113
2015-05-19,-0.07074973600844774
2015-05-20,0.02486678507992895
2015-05-21,-0.0011862396204033216
2015-05-22,0.048143053645116916
2015-05-23,0.009900990099009901
2015-05-24,-0.06896551724137931
2015-05-25,0.11258278145695365
2015-05-26,-0.12261146496815287
2015-05-27,0.14551083591331268
2015-05-28,0.18219749652294853
2015-05-29,0.11920529801324503
2015-05-30,0.0
2015-05-31,-0.06956521739130435
2015-06-01,0.10068649885583524
2015-06-02,0.06576402321083172
2015-06-03,0.15211267605633802
2015-06-04,-0.07114624505928854
2015-06-05,-0.06882591093117409
2015-06-06,-0.02247191011235955
2015-06-07,0.13725490196078433
2015-06-08,0.049079754601226995
2015-06-09,0.04429133858267716
2015-06-10,0.04326923076923077
2015-06-11,0.019672131147540985
2015-06-12,-0.3392539964476021
2015-06-13,0.08771929824561403
2015-06-14,-0.028846153846153848
2015-06-15,-0.11482254697286012
2015-06-16,0.016853932584269662
2015-06-17,0.001890359168241966
2015-06-18,-0.07492354740061162
2015-06-19,0.02620967741935484
2015-06-20,-0.011627906976744186
2015-06-21,-0.07017543859649122
2015-06-22,-0.06948640483383686
2015-06-23,0.062111801242236024
2015-06-24,0.07477678571428571
2015-06-25,0.0640625
2015-06-26,-0.08235294117647059
2015-06-27,-0.07476635514018691
2015-06-28,-0.07801418439716312
2015-06-29,-0.07387387387387387
2015-06-30,0.08848080133555926
2015-07-01,0.032467532467532464
2015-07-02,-0.16391184573002754
2015-07-03,0.13178294573643412
2015-07-04,-0.020202020202020204
2015-07-05,0.06329113924050633
2015-07-06,0.06646525679758308
2015-07-07,-0.1977715877437326
2015-07-08,-0.20633299284984677
2015-07-09,-0.3044176706827309
2015-07-10,0.04920049200492005
2015-07-11,0.046296296296296294
2015-07-12,-0.03305785123966942
2015-07-13,0.20540540540540542
2015-07-14,-0.02026221692491061
2015-07-15,-0.031591737545565005
2015-07-16,0.22901234567901235
2015-07-17,0.20214320506575742
2015-07-18,0.16470588235294117
2015-07-19,0.1917808219178082
2015-07-20,0.1777032690695725
2015-07-21,-0.14416943097729013
2015-07-22,-0.11896974652493868
2015-07-23,0.06944444444444445
2015-07-24,-0.00856989823245849
2015-07-25,0.09032258064516129
2015-07-26,-0.015151515151515152
2015-07-27,-0.1134020618556701
2015-07-28,-0.10386151797603196
2015-07-29,-0.0947176684881603
2015-07-30,-0.08892128279883382
2015-07-31,-0.10697674418604651
2015-08-01,-0.007874015748031496
2015-08-02,-0.11594202898550725
2015-08-03,-0.18618042226487524
2015-08-04,-0.24543707973102785
2015-08-05,-0.08963466440101954
2015-08-06,-0.05475206611570248
2015-08-07,-0.2055393586005831
2015-08-08,-0.006578947368421052
2015-08-09,-0.09848484848484848
2015-08-10,-0.032520325203252036
2015-08-11,-0.2152917505030181
2015-08-12,-0.09725158562367865
2015-08-13,-0.11785714285714285
2015-08-14,-0.1658206429780034
2015-08-15,-0.09022556390977443
2015-08-16,-0.07741935483870968
2015-08-17,0.12637913741223672
2015-08-18,-0.11161387631975868
2015-08-19,-0.03367875647668394
2015-08-20,-0.21846553966189858
2015-08-21,-0.24390243902439024
2015-08-22,-0.189873417721519
2015-08-23,-0.2569832402234637
2015-08-24,-0.10029623360135421
2015-08-25,-0.08383838383838384
2015-08-26,-0.06674082313681869
2015-08-27,-0.02631578947368421
2015-08-28,-0.03987730061349693
2015-08-29,-0.08403361344537816
2015-08-30,0.0
2015-08-31,-0.00625
2015-09-01,-0.2660217654171705
2015-09-02,0.011379800853485065
2015-09-03,-0.17480314960629922
2015-09-04,-0.2857142857142857
2015-09-05,-0.03571428571428571
2015-09-06,0.014925373134328358
2015-09-07,-0.13559322033898305
2015-09-08,-0.02358490566037736
2015-09-09,-0.10346097201767304
2015-09-10,-0.13082039911308205
2015-09-11,-0.06540447504302926
2015-09-12,0.10714285714285714
2015-09-13,0.0
2015-09-14,0.0547945205479452
2015-09-15,0.023381294964028777
2015-09-16,0.08739495798319327
2015-09-17,-0.10222804718217562
2015-09-18,-0.023636363636363636
2015-09-19,-0.047619047619047616
2015-09-20,-0.04504504504504504
2015-09-21,-0.025746652935118436
2015-09-22,-0.10398860398860399
2015-09-23,-0.011441647597254004
2015-09-24,-0.09117221418234443
2015-09-25,-0.0377906976744186
2015-09-26,-0.010416666666666666
2015-09-27,-0.17721518987341772
2015-09-28,-0.09140518417462483
2015-09-29,-0.32053941908713696
2015-09-30,-0.20263424518743667
2015-10-01,-0.2702702702702703
2015-10-02,-0.06406685236768803
2015-10-03,-0.16417910447761194
2015-10-04,0.07608695652173914
2015-10-05,-0.11330049261083744
2015-10-06,-0.09290953545232274
2015-10-07,-0.2551813471502591
2015-10-08,-0.15018315018315018
2015-10-09,-0.14081145584725538
2015-10-10,0.039603960396039604
2015-10-11,-0.03571428571428571
2015-10-12,-0.010291595197255575
2015-10-13,0.0046875
2015-10-14,-0.16393442622950818
2015-10-15,0.03951367781155015
2015-10-16,-0.005244755244755245
2015-10-17,-0.16551724137931034
2015-10-18,0.06790123456790123
2015-10-19,0.04948805460750853
2015-10-20,-0.09919404835709858
2015-10-21,-0.05341614906832298
2015-10-22,0.1926006528835691
2015-10-23,0.15771028037383178
2015-10-24,0.05045871559633028
2015-10-25,0.014150943396226415
2015-10-26,-0.02862595419847328
2015-10-27,-0.07619827939369112
2015-10-28,-0.0453153704837722
2015-10-29,0.04129793510324484
2015-10-30,-0.1144927536231884
2015-10-31,-0.14705882352941177
2015-11-01,-0.05660377358490566
2015-11-02,0.08946322067594434
2015-11-03,-0.0297029702970297
2015-11-04,-0.07210031347962383
2015-11-05,-0.10029498525073746
2015-11-06,0.03762376237623762
2015-11-07,0.09322033898305085
2015-11-08,0.10810810810810811
2015-11-09,-0.07392996108949416
2015-11-10,-0.19978969505783387
2015-11-11,-0.054764512595837894
2015-11-12,-0.10028653295128939
2015-11-13,-0.24611032531824611
2015-11-14,-0.27184466019417475
2015-11-15,-0.24299065420560748
2015-11-16,-0.10325318246110325
2015-11-17,-0.03644646924829157
2015-11-18,0.16009557945041816
2015-11-19,0.1026438569206843
2015-11-20,-0.11378848728246319
2015-11-21,-0.08208955223880597
2015-11-22,-0.058823529411764705
2015-11-23,0.109979633401222
2015-11-24,-0.027124773960216998
2015-11-25,-0.07017543859649122
2015-11-26,0.0
2015-11-27,0.0926517571884984
2015-11-28,0.03125
2015-11-29,0.08823529411764706
2015-11-30,-0.12051282051282051
2015-12-01,0.0599250936329588
2015-12-02,-0.15207877461706784
2015-12-03,-0.08914100486223663
2015-12-04,0.10327022375215146
2015-12-05,0.03968253968253968
2015-12-06,0.20253164556962025
2015-12-07,-0.028953229398663696
2015-12-08,0.14166666666666666
2015-12-09,-0.15289982425307558
2015-12-10,-0.00546448087431694
2015-12-11,-0.2755417956656347
2015-12-12,-0.09701492537313433
2015-12-13,-0.11016949152542373
2015-12-14,-0.1958762886597938
2015-12-15,-0.17221418234442837
2015-12-16,0.1407035175879397
2015-12-17,-0.059639389736477116
2015-12-18,-0.16463414634146342
2015-12-19,-0.03355704697986577
2015-12-20,-0.10833333333333334
2015-12-21,-0.09115281501340483
2015-12-22,-0.0410958904109589
2015-12-23,-0.06666666666666667
2015-12-24,-0.007575757575757576
2015-12-25,0.0
2015-12-26,0.13793103448275862
2015-12-27,0.11320754716981132
2015-12-28,0.13125
2015-12-29,0.2314540059347181
2015-12-30,-0.004225352112676056
2015-12-31,-0.18825301204819278
2016-01-01,-0.03592814371257485
2016-01-02,0.04597701149425287
2016-01-03,-0.03614457831325301
2016-01-04,-0.09287925696594428
2016-01-05,-0.23202301054650049
2016-01-06,-0.16124661246612465
2016-01-07,-0.24772568229531142
2016-01-08,-0.2941747572815534
2016-01-09,-0.0784313725490196
2016-01-10,-0.09045226130653267
2016-01-11,-0.00243605359317905
2016-01-12,0.04941860465116279
2016-01-13,-0.17594433399602386
2016-01-14,-0.002386634844868735
2016-01-15,-0.14285714285714285
2016-01-16,-0.06321839080459771
2016-01-17,-0.11926605504587157
2016-01-18,-0.0782122905027933
2016-01-19,-0.10947712418300654
2016-01-20,-0.18668012108980828
2016-01-21,-0.11869918699186992
2016-01-22,0.11647058823529412
2016-01-23,-0.024390243902439025
2016-01-24,-0.16176470588235295
2016-01-25,0.005154639175257732
2016-01-26,-0.14092563702548103
2016-01-27,-0.19760479041916168
2016-01-28,-0.14165202108963093
2016-01-29,-0.12515413070283601
2016-01-30,0.07216494845360824
2016-01-31,-0.05660377358490566
2016-02-01,0.14423622941510506
2016-02-02,-0.033625730994152045
2016-02-03,-0.2358292512246326
2016-02-04,-0.18967452300785634
2016-02-05,-0.34575389948006935
2016-02-06,-0.3022222222222222
2016-02-07,-0.16167664670658682
2016-02-08,-0.10471698113207548
2016-02-09,-0.19545903257650543
2016-02-10,-0.15506547208821503
2016-02-11,-0.19860279441117765
2016-02-12,-0.24161073825503357
2016-02-13,-0.1565217391304348
2016-02-14,-0.1016949152542373
2016-02-15,0.04093567251461988
2016-02-16,0.007062146892655367
2016-02-17,-0.07462686567164178
2016-02-18,-0.23651960784313725
2016-02-19,-0.2914798206278027
2016-02-20,-0.2336448598130841
2016-02-21,0.045112781954887216
2016-02-22,-0.07886435331230283
2016-02-23,-0.28677839851024206
2016-02-24,-0.17425431711145997
2016-02-25,-0.2370617696160267
2016-02-26,-0.1884297520661157
2016-02-27,-0.10294117647058823
2016-02-28,0.06896551724137931
2016-02-29,-0.07088122605363985
2016-03-01,-0.08071278825995808
2016-03-02,-0.09046052631578948
2016-03-03,-0.037162162162162164
2016-03-04,-0.020905923344947737
2016-03-05,0.008333333333333333
2016-03-06,-0.10112359550561797
2016-03-07,-0.17953321364452424
2016-03-08,-0.017786561264822136
2016-03-09,-0.07858546168958742
2016-03-10,-0.09253246753246754
2016-03-11,-0.4834761321909425
2016-03-12,-0.033112582781456956
2016-03-13,0.01098901098901099
2016-03-14,-0.014106583072100314
2016-03-15,0.054441260744985676
2016-03-16,-0.0426179604261796
2016-03-17,-0.07644110275689223
2016-03-18,-0.061823802163833076
2016-03-19,-0.072992700729927
2016-03-20,-0.0916030534351145
2016-03-21,-0.11972573839662447
2016-03-22,-0.13169642857142858
2016-03-23,-0.17710843373493976
2016-03-24,-0.04992867332382311
2016-03-25,0.03550295857988166
2016-03-26,0.19444444444444445
2016-03-27,0.32061068702290074
2016-03-28,0.019169329073482427
2016-03-29,0.011001100110011002
2016-03-30,0.01644398766700925
2016-03-31,-0.10559006211180125
2016-04-01,0.0823463056965595
2016-04-02,0.06642066420664207
2016-04-03,0.07228915662650602
2016-04-04,-0.05448963929393707
2016-04-05,-0.13980582524271845
2016-04-06,-0.010679611650485437
2016-04-07,-0.19803746654772525
2016-04-08,-0.16464237516869096
2016-04-09,0.0
2016-04-10,-0.09659090909090909
2016-04-11,-0.15503875968992248
2016-04-12,0.005747126436781609
2016-04-13,-0.05588822355289421
2016-04-14,-0.001669449081803005
2016-04-15,-0.15869017632241814
2016-04-16,-0.2052980132450331
2016-04-17,-0.046153846153846156
2016-04-18,-0.11052072263549416
2016-04-19,-0.22939068100358423
2016-04-20,-0.09336941813261164
2016-04-21,-0.2461038961038961
2016-04-22,-0.20941176470588235
2016-04-23,-0.2545454545454545
2016-04-24,-0.12337662337662338
2016-04-25,-0.07323943661971831
2016-04-26,-0.3259493670886076
2016-04-27,-0.21721801514547628
2016-04-28,-0.1426962072850169
2016-04-29,-0.14479905437352245
2016-04-30,-0.019736842105263157
2016-05-01,0.01809954751131222
2016-05-02,-0.04063604240282685
2016-05-03,-0.009779951100244499
2016-05-04,-0.14405684754521964
2016-05-05,-0.20793534166054373
2016-05-06,-0.19709355131698456
2016-05-07,-0.10052910052910052
2016-05-08,-0.21232876712328766
2016-05-09,-0.04597701149425287
2016-05-10,0.0041356492969396195
2016-05-11,-0.23956723338485317
2016-05-12,-0.23240506329113925
2016-05-13,-0.22303030303030302
2016-05-14,-0.06276150627615062
2016-05-15,-0.06132075471698113
2016-05-16,0.047619047619047616
2016-05-17,-0.053180396246089674
2016-05-18,-0.11394196744515216
2016-05-19,-0.0989433237271854
2016-05-20,0.021383647798742137
2016-05-21,0.04680851063829787
2016-05-22,-0.07878787878787878
2016-05-23,0.11559139784946236
2016-05-24,0.018159806295399514
2016-05-25,0.040525739320920046
2016-05-26,0.10473313192346426
2016-05-27,-0.005943536404160475
2016-05-28,-0.08571428571428572
2016-05-29,-0.06097560975609756
2016-05-30,0.02142857142857143
2016-05-31,-0.0072254335260115606
2016-06-01,-0.09029649595687332
2016-06-02,-0.07065868263473053
2016-06-03,0.00558659217877095
2016-06-04,-0.11029411764705882
2016-06-05,-0.025423728813559324
2016-06-06,-0.029978586723768737
2016-06-07,0.08819133034379671
2016-06-08,0.08282208588957055
2016-06-09,-0.08808290155440414
2016-06-10,-0.185785536159601
2016-06-11,-0.33774834437086093
2016-06-12,-0.3
2016-06-13,-0.060340856748042376
2016-06-14,-0.11387434554973822
2016-06-15,-0.12652068126520682
2016-06-16,-0.12859884836852206
2016-06-17,-0.25523012552301255
2016-06-18,-0.14615384615384616
2016-06-19,-0.1810344827586207
2016-06-20,-0.09288537549407115
2016-06-21,-0.23423423423423423
2016-06-22,-0.3031518624641834
2016-06-23,-0.25655021834061137
2016-06-24,-0.20743919885550788
2016-06-25,-0.17857142857142858
2016-06-26,-0.23529411764705882
2016-06-27,-0.1336206896551724
2016-06-28,-0.08520900321543408
2016-06-29,0.03691813804173355
2016-06-30,-0.23590504451038577
2016-07-01,-0.21456953642384105
2016-07-02,-0.08695652173913043
2016-07-03,-0.28272251308900526
2016-07-04,-0.20772946859903382
2016-07-05,-0.21416526138279932
2016-07-06,-0.06301369863013699
2016-07-07,-0.042704626334519574
2016-07-08,0.022598870056497175
2016-07-09,-0.11290322580645161
2016-07-10,-0.10317460317460317
2016-07-11,-0.013513513513513514
2016-07-12,-0.16328600405679514
2016-07-13,-0.19667590027700832
2016-07-14,0.00933125972006221
2016-07-15,-0.20079522862823063
2016-07-16,-0.0990990990990991
2016-07-17,-0.025423728813559324
2016-07-18,0.09836065573770492
2016-07-19,0.12318029115341546
2016-07-20,0.14705882352941177
2016-07-21,-0.13368055555555555
2016-07-22,-0.059964726631393295
2016-07-23,-0.046875
2016-07-24,-0.23036649214659685
2016-07-25,-0.12827586206896552
2016-07-26,-0.053117782909930716
2016-07-27,-0.0054249547920434
2016-07-28,0.10440835266821345
2016-07-29,0.053488372093023255
2016-07-30,-0.030973451327433628
2016-07-31,-0.07352941176470588
2016-08-01,0.05844155844155844
2016-08-02,-0.10424028268551237
2016-08-03,-0.13796296296296295
2016-08-04,-0.046242774566473986
2016-08-05,0.12166666666666667
2016-08-06,-0.06134969325153374
2016-08-07,-0.12598425196850394
2016-08-08,-0.003401360544217687
2016-08-09,-0.04891304347826087
2016-08-10,-0.15576923076923077
2016-08-11,-0.06136363636363636
2016-08-12,0.05014749262536873
2016-08-13,-0.018018018018018018
2016-08-14,-0.061224489795918366
2016-08-15,0.10734463276836158
2016-08-16,0.0625
2016-08-17,-0.0367504835589942
2016-08-18,-0.06179775280898876
2016-08-19,-0.11813186813186813
2016-08-20,0.07142857142857142
2016-08-21,-0.03333333333333333
2016-08-22,-0.07857142857142857
2016-08-23,0.0057273768613974796
2016-08-24,-0.08571428571428572
2016-08-25,-0.02631578947368421
2016-08-26,-0.08961303462321792
2016-08-27,-0.04580152671755725
2016-08-28,0.016129032258064516
2016-08-29,0.03656307129798903
2016-08-30,-0.30597014925373134
2016-08-31,-0.14804469273743018
2016-09-01,-0.2296983758700696
2016-09-02,-0.07103064066852367
2016-09-03,-0.13636363636363635
2016-09-04,0.07377049180327869
2016-09-05,-0.04216867469879518
2016-09-06,0.1221264367816092
2016-09-07,-0.020426287744227355
2016-09-08,-0.24649122807017543
2016-09-09,-0.24259055982436883
2016-09-10,-0.18134715025906736
2016-09-11,-0.13095238095238096
2016-09-12,-0.045662100456621
2016-09-13,0.04037558685446009
2016-09-14,0.033910034602076124
2016-09-15,0.059103260869565216
2016-09-16,-0.004177109440267335
2016-09-17,0.0
2016-09-18,0.05217391304347826
2016-09-19,-0.19791666666666666
2016-09-20,0.037037037037037035
2016-09-21,-0.009153318077803204
2016-09-22,0.11956521739130435
2016-09-23,-0.07042253521126761
2016-09-24,-0.10526315789473684
2016-09-25,-0.13178294573643412
2016-09-26,-0.0701219512195122
2016-09-27,0.07207207207207207
2016-09-28,-0.011560693641618497
2016-09-29,-0.17576564580559254
2016-09-30,0.0033500837520938024
2016-10-01,-0.018779342723004695
2016-10-02,-0.11842105263157894
2016-10-03,0.06739811912225706
2016-10-04,0.010624169986719787
2016-10-05,-0.040983606557377046
2016-10-06,-0.20308788598574823
2016-10-07,-0.10887096774193548
2016-10-08,-0.20279720279720279
2016-10-09,-0.29554655870445345
2016-10-10,0.08172362555720654
2016-10-11,-0.022340425531914895
2016-10-12,-0.027522935779816515
2016-10-13,-0.010273972602739725
2016-10-14,0.01090909090909091
2016-10-15,0.05217391304347826
2016-10-16,-0.14393939393939395
2016-10-17,-0.11746987951807229
2016-10-18,0.08028335301062574
2016-10-19,-0.02631578947368421
2016-10-20,0.017041053446940357
2016-10-21,0.11219512195121951
2016-10-22,0.08936170212765958
2016-10-23,0.23880597014925373
2016-10-24,0.2560646900269542
2016-10-25,-0.03545051698670606
2016-10-26,-0.07581764122893954
2016-10-27,-0.1709750566893424
2016-10-28,-0.10422282120395328
2016-10-29,0.03734439834024896
2016-10-30,-0.08641975308641975
2016-10-31,-0.05516014234875445
2016-11-01,-0.16262975778546712
2016-11-02,-0.2426829268292683
2016-11-03,-0.14992272024729522
2016-11-04,0.01456953642384106
2016-11-05,-0.05384615384615385
2016-11-06,0.05714285714285714
2016-11-07,-0.09320388349514563
2016-11-08,0.09868421052631579
2016-11-09,-0.17647058823529413
2016-11-10,-0.28693790149892934
2016-11-11,0.014423076923076924
2016-11-12,0.23943661971830985
2016-11-13,0.14965986394557823
2016-11-14,-0.16167664670658682
2016-11-15,0.0708092485549133
2016-11-16,0.10562180579216354
2016-11-17,0.03983516483516483
2016-11-18,-0.022222222222222223
2016-11-19,-0.029239766081871343
2016-11-20,-0.08661417322834646
2016-11-21,0.13584288052373159
2016-11-22,0.04634581105169341
2016-11-23,0.12380952380952381
2016-11-24,-0.0106951871657754
2016-11-25,-0.06006006006006006
2016-11-26,0.00847457627118644
2016-11-27,-0.059602649006622516
2016-11-28,0.027932960893854747
2016-11-29,-0.10802919708029197
2016-11-30,-0.0412573673870334
2016-12-01,-0.20816326530612245
2016-12-02,-0.10291595197255575
2016-12-03,-0.1056338028169014
2016-12-04,0.006329113924050633
2016-12-05,0.06335616438356165
2016-12-06,0.08307210031347963
2016-12-07,-0.02956298200514139
2016-12-08,0.08103727714748785
2016-12-09,0.18126888217522658
2016-12-10,-0.03870967741935484
2016-12-11,-0.022058823529411766
2016-12-12,0.07322654462242563
2016-12-13,0.16167664670658682
2016-12-14,0.08411214953271028
2016-12-15,0.08545454545454545
2016-12-16,0.02553191489361702
2016-12-17,0.2608695652173913
2016-12-18,-0.03225806451612903
2016-12-19,0.12641509433962264
2016-12-20,0.12006319115323855
2016-12-21,-0.013725490196078431
2016-12-22,0.0728051391862955
2016-12-23,-0.026525198938992044
2016-12-24,0.04878048780487805
2016-12-25,0.013513513513513514
2016-12-26,0.00847457627118644
2016-12-27,0.2138047138047138
2016-12-28,0.15113871635610765
2016-12-29,-0.10560344827586207
2016-12-30,-0.1348747591522158
2016-12-31,-0.1830065359477124
2017-01-01,-0.047619047619047616
2017-01-02,-0.08982035928143713
2017-01-03,-0.04723127035830619
2017-01-04,0.012687427912341407
2017-01-05,0.10616438356164383
2017-01-06,0.15762925598991173
2017-01-07,0.11206896551724138
2017-01-08,0.0893854748603352
2017-01-09,0.25312934631432543
2017-01-10,0.0757825370675453
2017-01-11,0.10535117056856187
2017-01-12,0.07656065959952886
2017-01-13,0.12582781456953643
2017-01-14,-0.05150214592274678
2017-01-15,0.04310344827586207
2017-01-16,-0.018404907975460124
2017-01-17,0.1518987341772152
2017-01-18,0.07539682539682539
2017-01-19,0.0
2017-01-20,0.11380145278450363
2017-01-21,-0.006369426751592357
2017-01-22,0.19834710743801653
2017-01-23,0.1410090556274256
2017-01-24,-0.0025974025974025974
2017-01-25,0.10926365795724466
2017-01-26,0.01132404181184669
2017-01-27,0.05824175824175824
2017-01-28,0.1691542288557214
2017-01-29,-0.0364963503649635
2017-01-30,-0.0955223880597015
2017-01-31,0.029411764705882353
2017-02-01,0.051031487513572206
2017-02-02,-0.10074880871341048
2017-02-03,-0.07621247113163972
2017-02-04,-0.03867403314917127
2017-02-05,-0.05194805194805195
2017-02-06,0.10839160839160839
2017-02-07,0.1284153005464481
2017-02-08,0.1092964824120603
2017-02-09,0.04261645193260654
2017-02-10,-0.02635658914728682
2017-02-11,0.0958904109589041
2017-02-12,-0.06486486486486487
2017-02-13,0.187374749498998
2017-02-14,0.10910815939278938
2017-02-15,0.053591790193842644
2017-02-16,-0.06300268096514745
2017-02-17,0.10080645161290322
2017-02-18,0.09933774834437085
2017-02-19,0.13157894736842105
2017-02-20,0.09
2017-02-21,0.15625
2017-02-22,-0.0664451827242525
2017-02-23,-0.22012578616352202
2017-02-24,-0.12518195050946143
2017-02-25,-0.10989010989010989
2017-02-26,-0.0958904109589041
2017-02-27,-0.08964781216648879
2017-02-28,-0.11664899257688228
2017-03-01,0.04886769964243146
2017-03-02,-0.10543130990415335
2017-03-03,-0.16379310344827586
2017-03-04,-0.060240963855421686
2017-03-05,0.0
2017-03-06,0.024017467248908297
2017-03-07,-0.035398230088495575
2017-03-08,0.006980802792321117
2017-03-09,-0.051923076923076926
2017-03-10,0.09667673716012085
2017-03-11,-0.07692307692307693
2017-03-12,0.030534351145038167
2017-03-13,-0.019736842105263157
2017-03-14,0.042796005706134094
2017-03-15,0.08304093567251462
2017-03-16,0.043235704323570434
2017-03-17,-0.04966887417218543
2017-03-18,0.14666666666666667
2017-03-19,-0.030303030303030304
2017-03-20,0.16216216216216217
2017-03-21,-0.0020768431983385254
2017-03-22,-0.03780718336483932
2017-03-23,-0.04363636363636364
2017-03-24,-0.07679465776293823
2017-03-25,-0.014084507042253521
2017-03-26,0.06338028169014084
2017-03-27,0.10487444608567208
2017-03-28,0.13032581453634084
2017-03-29,0.22257720979765708
2017-03-30,0.0791599353796446
2017-03-31,0.0950354609929078
2017-04-01,0.06593406593406594
2017-04-02,0.14977973568281938
2017-04-03,0.1556543837357052
2017-04-04,0.05551926845199216
2017-04-05,0.031490552834149754
2017-04-06,-0.16666666666666666
2017-04-07,0.007886435331230283
2017-04-08,-0.1419753086419753
2017-04-09,-0.007462686567164179
2017-04-10,0.0995850622406639
2017-04-11,-0.143184421534937
2017-04-12,-0.0779874213836478
2017-04-13,-0.05982053838484546
2017-04-14,-0.13372093023255813
2017-04-15,-0.22277227722772278
2017-04-16,0.046511627906976744
2017-04-17,0.08077544426494346
2017-04-18,-0.034050179211469536
2017-04-19,-0.030395136778115502
2017-04-20,-0.0703030303030303
2017-04-21,0.0
2017-04-22,-0.019801980198019802
2017-04-23,0.0
2017-04-24,0.1206896551724138
2017-04-25,0.12022471910112359
2017-04-26,-0.010014306151645207
2017-04-27,0.1265597147950089
2017-04-28,0.02498048399687744
2017-04-29,0.12915129151291513
2017-04-30,0.075
2017-05-01,0.17222723174030657
2017-05-02,-0.10182926829268292
2017-05-03,-0.0107095046854083
2017-05-04,-0.21243115656963021
2017-05-05,0.01368421052631579
2017-05-06,0.019455252918287938
2017-05-07,0.0
2017-05-08,0.2021505376344086
2017-05-09,0.1181894383906119
2017-05-10,0.03618421052631579
2017-05-11,-0.009408602150537635
2017-05-12,0.1071863580998782
2017-05-13,0.058823529411764705
2017-05-14,0.03389830508474576
2017-05-15,-0.10193133047210301
2017-05-16,0.04539559014267185
2017-05-17,-0.07332624867162593
2017-05-18,0.043674698795180725
2017-05-19,-0.07249466950959488
2017-05-20,-0.026595744680851064
2017-05-21,0.09917355371900827
2017-05-22,0.007246376811594203
2017-05-23,0.02295552367288379
2017-05-24,0.0
2017-05-25,0.17868589743589744
2017-05-26,0.13720642768850433
2017-05-27,0.0625
2017-05-28,0.09933774834437085
2017-05-29,0.06470588235294118
2017-05-30,0.2937771345875543
2017-05-31,0.05475206611570248
2017-06-01,0.009845288326300985
2017-06-02,0.12649800266311584
2017-06-03,0.02617801047120419
2017-06-04,0.10160427807486631
2017-06-05,0.05972323379461034
2017-06-06,0.022727272727272728
2017-06-07,-0.021176470588235293
2017-06-08,0.06442021803766106
2017-06-09,-0.2684801892371378
2017-06-10,-0.26480836236933797
2017-06-11,-0.20816326530612245
2017-06-12,-0.1111111111111111
2017-06-13,0.029791459781529295
2017-06-14,-0.03555045871559633
2017-06-15,-0.09939148073022312
2017-06-16,-0.026613816534541337
2017-06-17,-0.06396588486140725
2017-06-18,-0.09541984732824428
2017-06-19,0.010291595197255575
2017-06-20,-0.06735751295336788
2017-06-21,-0.02517162471395881
2017-06-22,0.08105263157894736
2017-06-23,0.018844221105527637
2017-06-24,-0.05434782608695652
2017-06-25,0.030864197530864196
2017-06-26,-0.07445255474452554
2017-06-27,-0.28600201409869086
2017-06-28,-0.15058479532163743
2017-06-29,-0.09417989417989418
2017-06-30,-0.043478260869565216
2017-07-01,0.041666666666666664
2017-07-02,-0.017937219730941704
2017-07-03,-0.13930348258706468
2017-07-04,-0.30512820512820515
2017-07-05,-0.20695230396119643
2017-07-06,-0.2883959044368601
2017-07-07,-0.1269982238010657
2017-07-08,-0.06666666666666667
2017-07-09,-0.048484848484848485
2017-07-10,-0.04514480408858603
2017-07-11,-0.0019249278152069298
2017-07-12,0.023991275899672846
2017-07-13,0.011568123393316195
2017-07-14,0.0898379970544919
2017-07-15,0.003861003861003861
2017-07-16,-0.14606741573033707
2017-07-17,-0.07459677419354839
2017-07-18,0.05846774193548387
2017-07-19,0.04142011834319527
2017-07-20,0.015885623510722795
2017-07-21,-0.0341047503045067
2017-07-22,-0.08
2017-07-23,-0.05741626794258373
2017-07-24,0.014512785072563926
2017-07-25,-0.04092071611253197
2017-07-26,0.01891891891891892
2017-07-27,-0.1730237700386954
2017-07-28,-0.15615305067218202
2017-07-29,-0.11484593837535013
2017-07-30,-0.14042553191489363
2017-07-31,-0.19958202716823406
2017-08-01,0.06378132118451026
2017-08-02,-0.041514930808448654
2017-08-03,-0.051440329218107
2017-08-04,0.05415162454873646
2017-08-05,-0.11382113821138211
2017-08-06,0.04245283018867924
2017-08-07,0.007326007326007326
2017-08-08,0.020353982300884955
2017-08-09,-0.016181229773462782
2017-08-10,-0.19247787610619468
2017-08-11,-0.13406292749658003
2017-08-12,-0.1625
2017-08-13,-0.07647058823529412
2017-08-14,0.17331288343558282
2017-08-15,0.04567307692307692
2017-08-16,-0.1
2017-08-17,-0.17396907216494845
2017-08-18,-0.05714285714285714
2017-08-19,-0.06206896551724138
2017-08-20,-0.05056179775280899
2017-08-21,-0.13071895424836602
2017-08-22,0.050761421319796954
2017-08-23,0.07329842931937172
2017-08-24,-0.12307692307692308
2017-08-25,-0.13616398243045388
2017-08-26,0.023121387283236993
2017-08-27,-0.08860759493670886
2017-08-28,-0.0684931506849315
2017-08-29,0.1548872180451128
2017-08-30,0.09552599758162031
2017-08-31,0.1591549295774648
2017-09-01,0.07335907335907337
2017-09-02,0.21428571428571427
2017-09-03,0.0136986301369863
2017-09-04,0.11428571428571428
2017-09-05,-0.00819672131147541
2017-09-06,-0.06272401433691756
2017-09-07,-0.031207598371777476
2017-09-08,-0.14825581395348839
2017-09-09,-0.15126050420168066
2017-09-10,-0.0425531914893617
2017-09-11,0.11885245901639344
2017-09-12,-0.09095477386934674
2017-09-13,0.18909512761020883
2017-09-14,0.0441306266548985
2017-09-15,0.11757575757575757
2017-09-16,0.031914893617021274
2017-09-17,-0.04519774011299435
2017-09-18,0.01795142555438226
2017-09-19,-0.040437158469945354
2017-09-20,-0.10834454912516824
2017-09-21,-0.048401826484018265
2017-09-22,-0.14977578475336323
2017-09-23,-0.1645021645021645
2017-09-24,-0.25462962962962965
2017-09-25,-0.16402535657686212
2017-09-26,0.07142857142857142
2017-09-27,0.010078387458006719
2017-09-28,0.004273504273504274
2017-09-29,0.0
2017-09-30,0.027586206896551724
2017-10-01,-0.03205128205128205
2017-10-02,-0.14490861618798956
2017-10-03,-0.03014318010550113
2017-10-04,-0.0055762081784386614
2017-10-05,0.14662447257383968
2017-10-06,0.09925093632958802
2017-10-07,-0.24169184290030213
2017-10-08,-0.1619718309859155
2017-10-09,-0.10705882352941176
2017-10-10,0.05202312138728324
2017-10-11,0.107981220657277
2017-10-12,0.07544910179640718
2017-10-13,-0.12011173184357542
2017-10-14,-0.0639269406392694
2017-10-15,-0.09183673469387756
2017-10-16,0.10215827338129496
2017-10-17,0.07270029673590504
2017-10-18,0.10835913312693499
2017-10-19,-0.11026033690658499
2017-10-20,0.006418485237483954
2017-10-21,-0.11428571428571428
2017-10-22,0.020202020202020204
2017-10-23,-0.1256490134994808
2017-10-24,-0.011532125205930808
2017-10-25,-0.128068303094984
2017-10-26,0.1453781512605042
2017-10-27,0.17358322177599286
2017-10-28,0.09973045822102426
2017-10-29,0.043333333333333335
2017-10-30,0.11063829787234042
2017-10-31,0.04704704704704705
2017-11-01,-0.1992809450436569
2017-11-02,-0.041588609966279506
2017-11-03,0.10338680926916222
2017-11-04,-0.1377952755905512
2017-11-05,-0.02830188679245283
2017-11-06,-0.026246719160104987
2017-11-07,0.09963985594237695
2017-11-08,0.13816534541336353
2017-11-09,0.064
2017-11-10,0.022116903633491312
2017-11-11,-0.10869565217391304
2017-11-12,0.024752475247524754
2017-11-13,0.06222222222222222
2017-11-14,-0.09572901325478646
2017-11-15,-0.03745743473325766
2017-11-16,0.03212290502793296
2017-11-17,-0.044193216855087356
2017-11-18,-0.048701298701298704
2017-11-19,-0.18545454545454546
2017-11-20,-0.11491108071135431
2017-11-21,0.12124582869855395
2017-11-22,0.12926136363636365
2017-11-23,0.01171875
2017-11-24,0.1475095785440613
2017-11-25,0.08035714285714286
2017-11-26,0.11059907834101383
2017-11-27,0.09955257270693513
2017-11-28,0.07900677200902935
2017-11-29,-0.14555256064690028
2017-11-30,0.07108433734939759
2017-12-01,0.028622540250447227
2017-12-02,-0.07407407407407407
2017-12-03,0.009900990099009901
2017-12-04,-0.058823529411764705
2017-12-05,-0.06028833551769332
2017-12-06,0.0037128712871287127
2017-12-07,0.08500772797527048
2017-12-08,0.12652439024390244
2017-12-09,0.10572687224669604
2017-12-10,-0.0064516129032258064
2017-12-11,0.26902173913043476
2017-12-12,0.2297142857142857
2017-12-13,0.17076923076923076
2017-12-14,0.0014367816091954023
2017-12-15,0.08871989860583017
2017-12-16,0.02252252252252252
2017-12-17,0.12987012987012986
2017-12-18,0.25
2017-12-19,-0.033873343151693665
2017-12-20,0.12453531598513011
2017-12-21,0.049635036496350364
2017-12-22,-0.09980430528375733
2017-12-23,0.07920792079207921
2017-12-24,-0.0718954248366013
2017-12-25,-0.03759398496240601
2017-12-26,-0.1070931849791377
2017-12-27,-0.030026109660574413
2017-12-28,-0.07796101949025487
2017-12-29,-0.10675039246467818
2017-12-30,-0.02092050209205021
2017-12-31,0.06598984771573604
2018-01-01,0.13924050632911392
2018-01-02,0.16027397260273973
2018-01-03,0.013771186440677966
2018-01-04,-0.055080721747388414
2018-01-05,0.18412162162162163
2018-01-06,0.12857142857142856
2018-01-07,0.04017857142857143
2018-01-08,0.056074766355140186
2018-01-09,0.06096256684491978
2018-01-10,0.027851458885941646
2018-01-11,0.18518518518518517
2018-01-12,0.18890074706510138
2018-01-13,0.04472843450479233
2018-01-14,0.06666666666666667
2018-01-15,0.05517241379310345
2018-01-16,0.09541511771995044
2018-01-17,0.06590509666080843
2018-01-18,0.12044105173876166
2018-01-19,0.1309192200557103
2018-01-20,0.11553784860557768
2018-01-21,-0.046610169491525424
2018-01-22,0.06770833333333333
2018-01-23,0.04893238434163701
2018-01-24,-0.0009132420091324201
2018-01-25,-0.06443719412724307
2018-01-26,0.13227513227513227
2018-01-27,0.10886075949367088
2018-01-28,0.05099150141643059
2018-01-29,0.04852320675105485
2018-01-30,-0.06830601092896176
2018-01-31,0.07120743034055728
2018-02-01,0.027722772277227723
2018-02-02,-0.12021531100478469
2018-02-03,-0.014634146341463415
2018-02-04,0.06944444444444445
2018-02-05,-0.011075949367088608
2018-02-06,-0.043209876543209874
2018-02-07,-0.12206047032474804
2018-02-08,-0.17173766058147397
2018-02-09,-0.08031837916063676
2018-02-10,0.003067484662576687
2018-02-11,-0.12627986348122866
2018-02-12,0.12125534950071326
2018-02-13,0.05285868392664509
2018-02-14,0.07734204793028322
2018-02-15,0.14665249734325186
2018-02-16,0.055341055341055344
2018-02-17,-0.10727969348659004
2018-02-18,-0.09266409266409266
2018-02-19,-0.050505050505050504
2018-02-20,0.024128686327077747
2018-02-21,0.04311251314405889
2018-02-22,-0.05875706214689266
2018-02-23,0.11790878754171301
2018-02-24,0.01675977653631285
2018-02-25,0.0701219512195122
2018-02-26,0.13539445628997868
2018-02-27,0.05125408942202835
2018-02-28,0.0196078431372549
2018-03-01,-0.1751740139211137
2018-03-02,-0.1124031007751938
2018-03-03,-0.20384615384615384
2018-03-04,-0.12955465587044535
2018-03-05,0.055865921787709494
2018-03-06,0.11500974658869395
2018-03-07,0.01971830985915493
2018-03-08,0.009523809523809525
2018-03-09,0.05821917808219178
2018-03-10,0.006329113924050633
2018-03-11,-0.04281345565749235
2018-03-12,0.09648331830477908
2018-03-13,-0.008456659619450317
2018-03-14,-0.1885488647581441
2018-03-15,-0.12627986348122866
2018-03-16,-0.13445378151260504
2018-03-17,-0.07829181494661921
2018-03-18,-0.125
2018-03-19,-0.22518382352941177
2018-03-20,-0.12340425531914893
2018-03-21,-0.12222222222222222
2018-03-22,-0.19436052366565962
2018-03-23,-0.20652173913043478
2018-03-24,-0.29380053908355797
2018-03-25,-0.19877675840978593
2018-03-26,-0.06192660550458716
2018-03-27,-0.3425679275439531
2018-03-28,-0.370014245014245
2018-03-29,-0.25678257546809324
2018-03-30,-0.32162921348314605
2018-03-31,-0.39552238805970147
2018-04-01,-0.2961832061068702
2018-04-02,-0.3763352506162695
2018-04-03,-0.28249436513899323
2018-04-04,-0.12311827956989248
2018-04-05,-0.08794326241134752
2018-04-06,-0.1851145038167939
2018-04-07,-0.21508379888268156
2018-04-08,-0.21629213483146068
2018-04-09,-0.09695603156708005
2018-04-10,-0.05383580080753701
2018-04-11,-0.11286681715575621
2018-04-12,-0.17965367965367965
2018-04-13,-0.20527156549520767
2018-04-14,-0.22465753424657534
2018-04-15,-0.29411764705882354
2018-04-16,-0.23202614379084968
2018-04-17,-0.16482758620689655
2018-04-18,-0.03277545327754533
2018-04-19,-0.13213981244671782
2018-04-20,-0.22675585284280936
2018-04-21,-0.1846590909090909
2018-04-22,0.08238636363636363
2018-04-23,-0.05063291139240506
2018-04-24,-0.22573839662447256
2018-04-25,-0.13043478260869565
2018-04-26,0.08511606736458807
2018-04-27,-0.05995423340961099
2018-04-28,-0.0913978494623656
2018-04-29,-0.11956521739130435
2018-04-30,-0.09779735682819383
2018-05-01,0.00944822373393802
2018-05-02,-0.14460227272727272
2018-05-03,-0.32573673870333986
2018-05-04,-0.046283934134401426
2018-05-05,-0.2647058823529412
2018-05-06,-0.2687022900763359
2018-05-07,-0.06189451022604951
2018-05-08,-0.10526315789473684
2018-05-09,0.00468384074941452
2018-05-10,-0.02046783625730994
2018-05-11,-0.08095781071835804
2018-05-12,-0.27720739219712526
2018-05-13,-0.24853801169590642
2018-05-14,-0.19983753046303818
2018-05-15,-0.2199563000728332
2018-05-16,-0.17548746518105848
2018-05-17,-0.16319444444444445
2018-05-18,-0.20126448893572182
2018-05-19,-0.17575757575757575
2018-05-20,-0.21875
2018-05-21,-0.2707667731629393
2018-05-22,-0.22344944774851316
2018-05-23,-0.17751937984496124
2018-05-24,-0.1354656632173095
2018-05-25,-0.12511671335200747
2018-05-26,-0.1937984496124031
2018-05-27,-0.2692307692307692
2018-05-28,-0.2770448548812665
2018-05-29,-0.12212212212212212
2018-05-30,-0.142226148409894
2018-05-31,-0.033277870216306155
2018-06-01,0.10102489019033675
2018-06-02,-0.10126582278481013
2018-06-03,-0.04269662921348315
2018-06-04,0.04801670146137787
2018-06-05,-0.03595890410958904
2018-06-06,-0.09774774774774775
2018-06-07,-0.1928523263654754
2018-06-08,-0.06696035242290749
2018-06-09,-0.14627659574468085
2018-06-10,-0.19363395225464192
2018-06-11,-0.16064638783269963
2018-06-12,-0.21303142329020333
2018-06-13,-0.13633217993079585
2018-06-14,-0.07186858316221766
2018-06-15,-0.12832194381169323
2018-06-16,-0.26952526799387444
2018-06-17,-0.2710413694721826
2018-06-18,-0.18321826872012745
2018-06-19,-0.19363997728563317
2018-06-20,-0.061467283542630535
2018-06-21,-0.26348709929632524
2018-06-22,-0.3352735739231665
2018-06-23,-0.2600732600732601
2018-06-24,-0.1760299625468165
2018-06-25,-0.2920962199312715
2018-06-26,-0.1332868108862526
2018-06-27,-0.22351233671988388
2018-06-28,-0.15738081562320505
2018-06-29,-0.23333333333333334
2018-06-30,-0.3996138996138996
2018-07-01,-0.20228215767634855
2018-07-02,-0.16910229645093947
2018-07-03,-0.3395012067578439
2018-07-04,-0.2504317789291883
2018-07-05,-0.29445910290237465
2018-07-06,-0.20630568882796435
2018-07-07,-0.18592964824120603
2018-07-08,-0.31227436823104693
2018-07-09,-0.0728051391862955
2018-07-10,-0.10778816199376948
2018-07-11,-0.21286031042128603
2018-07-12,-0.0136986301369863
2018-07-13,-0.05263157894736842
2018-07-14,-0.2828125
2018-07-15,-0.3893058161350844
2018-07-16,-0.27020447906523853
2018-07-17,-0.09675645959318306
2018-07-18,-0.1702127659574468
2018-07-19,0.012598425196850394
2018-07-20,-0.1757648470305939
2018-07-21,-0.29322268326417705
2018-07-22,-0.206794682422452
2018-07-23,-0.20591233435270132
2018-07-24,-0.18835192069392812
2018-07-25,-0.1707438841737394
2018-07-26,-0.14010728936573053
2018-07-27,-0.26978891820580475
2018-07-28,-0.319693094629156
2018-07-29,-0.22388059701492538
2018-07-30,-0.24680851063829787
2018-07-31,-0.08186341022161918
2018-08-01,-0.1048078857372762
2018-08-02,0.0009722897423432182
2018-08-03,-0.021363173957273652
2018-08-04,-0.1426448736998514
2018-08-05,-0.0930576070901034
2018-08-06,-0.09701492537313433
2018-08-07,-0.2865396627108057
2018-08-08,-0.30858618463524856
2018-08-09,-0.25857275254865614
2018-08-10,-0.33660007538635506
2018-08-11,-0.43496985357450474
2018-08-12,-0.3625668449197861
2018-08-13,-0.2873735481453728
2018-08-14,-0.28692138133725203
2018-08-15,-0.3834841628959276
2018-08-16,-0.302928870292887
2018-08-17,-0.3787308753448708
2018-08-18,-0.36298932384341637
2018-08-19,-0.3985355648535565
2018-08-20,-0.3691860465116279
2018-08-21,-0.2622817701989444
2018-08-22,-0.19438444924406048
2018-08-23,-0.23880597014925373
2018-08-24,-0.268823895457374
2018-08-25,-0.4890547263681592
2018-08-26,-0.3178294573643411
2018-08-27,-0.2777317880794702
2018-08-28,-0.2756756756756757
2018-08-29,-0.14996288047512993
2018-08-30,-0.1884328358208955
2018-08-31,-0.1755567063697566
2018-09-01,-0.2302839116719243
2018-09-02,-0.2768
2018-09-03,-0.21545319465081725
2018-09-04,-0.13280926768721554
2018-09-05,-0.2813141683778234
2018-09-06,-0.3389830508474576
2018-09-07,-0.35625485625485626
2018-09-08,-0.36640557006092256
2018-09-09,-0.3048780487804878
2018-09-10,-0.1756007393715342
2018-09-11,-0.1359447004608295
2018-09-12,-0.10849369608493696
2018-09-13,-0.08733624454148471
2018-09-14,-0.22707889125799574
2018-09-15,-0.2705530642750374
2018-09-16,-0.28957528957528955
2018-09-17,-0.31620903454384414
2018-09-18,-0.39173553719008264
2018-09-19,-0.2627320323655402
2018-09-20,-0.12521539345203905
2018-09-21,-0.21951219512195122
2018-09-22,-0.39476961394769616
2018-09-23,-0.328042328042328
2018-09-24,-0.12095730918499353
2018-09-25,-0.16259678379988088
2018-09-26,-0.014357501794687724
2018-09-27,-0.413557391056679
2018-09-28,-0.4196962724344225
2018-09-29,-0.37976190476190474
2018-09-30,-0.34065281899109795
2018-10-01,-0.14439096630877452
2018-10-02,-0.19328358208955224
2018-10-03,-0.26169265033407574
2018-10-04,-0.3904951811232968
2018-10-05,-0.4468354430379747
2018-10-06,-0.3693877551020408
2018-10-07,-0.3658227848101266
2018-10-08,-0.3499796995533902
2018-10-09,-0.26101218369259604
2018-10-10,-0.31407346264960795
2018-10-11,-0.26526315789473687
2018-10-12,-0.16590909090909092
2018-10-13,-0.3633720930232558
2018-10-14,-0.33610648918469216
2018-10-15,-0.21511627906976744
2018-10-16,-0.1286516853932584
2018-10-17,-0.25332527206771466
2018-10-18,-0.31108144192256343
2018-10-19,-0.3076923076923077
2018-10-20,-0.2886762360446571
2018-10-21,-0.29947460595446584
2018-10-22,-0.1576283441793203
2018-10-23,-0.10897687181497452
2018-10-24,-0.11595310907237513
2018-10-25,-0.20831234256926953
2018-10-26,-0.2536933265410087
2018-10-27,-0.4063573883161512
2018-10-28,-0.2926829268292683
2018-10-29,-0.2554585152838428
2018-10-30,-0.1516523313716614
2018-10-31,-0.06560962274466922
2018-11-01,-0.24967277486910994
2018-11-02,-0.2902266815310294
2018-11-03,-0.30985915492957744
2018-11-04,-0.25
2018-11-05,-0.28132170720514
2018-11-06,-0.17325017325017325
2018-11-07,0.03032345013477089
2018-11-08,-0.14756348661633492
2018-11-09,-0.2245353159851301
2018-11-10,-0.27606177606177607
2018-11-11,-0.20574162679425836
2018-11-12,-0.2663869952805454
2018-11-13,-0.1880846873461349
2018-11-14,-0.2294566681634486
2018-11-15,-0.1384466956102267
2018-11-16,-0.08807045636509207
2018-11-17,-0.12521440823327615
2018-11-18,-0.24833702882483372
2018-11-19,-0.30615861763402746
2018-11-20,-0.2798522773902339
2018-11-21,-0.2757201646090535
2018-11-22,-0.2756183745583039
2018-11-23,-0.30510018214936246
2018-11-24,-0.24660194174757283
2018-11-25,-0.32186234817813764
2018-11-26,-0.2343823391263504
2018-11-27,-0.18332470222682548
2018-11-28,-0.022256728778467908
2018-11-29,0.007036059806508356
2018-11-30,-0.1137005649717514
2018-12-01,-0.1669449081803005
2018-12-02,-0.1088
2018-12-03,-0.03553008595988539
2018-12-04,-0.23447590660705414
2018-12-05,-0.21734234234234234
2018-12-06,-0.13924050632911392
2018-12-07,-0.17770671539515762
2018-12-08,-0.2512
2018-12-09,-0.30016863406408095
2018-12-10,-0.2579881656804734
2018-12-11,-0.21120475954387705
2018-12-12,-0.11077297626293366
2018-12-13,-0.11307053941908714
2018-12-14,-0.2568493150684932
2018-12-15,-0.2839506172839506
2018-12-16,-0.29101283880171186
2018-12-17,-0.23322884012539186
2018-12-18,-0.27855477855477856
2018-12-19,-0.32151649433776464
2018-12-20,-0.33490788852149267
2018-12-21,-0.29127811300054857
2018-12-22,-0.35781041388518026
2018-12-23,-0.2672897196261682
2018-12-24,-0.30834512022630833
2018-12-25,-0.35283363802559414
2018-12-26,-0.059624108878807515
2018-12-27,-0.23962126729788782
2018-12-28,-0.070999453850355
2018-12-29,-0.2998522895125554
2018-12-30,-0.215210355987055
2018-12-31,-0.12028869286287089
2019-01-01,-0.22361359570661896
2019-01-02,-0.34918085448120784
2019-01-03,-0.35125581395348837
2019-01-04,-0.19581911262798635
2019-01-05,-0.22088353413654618
2019-01-06,-0.17592592592592593
2019-01-07,-0.11629995509654244
2019-01-08,-0.1457233368532207
2019-01-09,-0.16817532158170556
2019-01-10,-0.1658206429780034
2019-01-11,-0.1840531561461794
2019-01-12,-0.328125
2019-01-13,-0.3016666666666667
2019-01-14,-0.2561538461538462
2019-01-15,-0.11104294478527607
2019-01-16,-0.11385199240986717
2019-01-17,-0.20135746606334842
2019-01-18,-0.3267663043478261
2019-01-19,-0.3115423901940756
2019-01-20,-0.30596026490066225
2019-01-21,-0.3116279069767442
2019-01-22,-0.2564914502849905
2019-01-23,-0.332707648991084
2019-01-24,-0.24331696672122205
2019-01-25,-0.15829846582984658
2019-01-26,-0.2640117994100295
2019-01-27,-0.24868421052631579
2019-01-28,-0.25166767738023044
2019-01-29,-0.13481168602604718
2019-01-30,-0.1311120726958027
2019-01-31,-0.12082066869300911
2019-02-01,-0.2055735056542811
2019-02-02,-0.2077764277035237
2019-02-03,-0.20705521472392638
2019-02-04,-0.08347245409015025
2019-02-05,-0.01752723827569872
2019-02-06,-0.16255868544600938
2019-02-07,-0.2670123136746598
2019-02-08,-0.27508854781582054
2019-02-09,-0.3701188455008489
2019-02-10,-0.27303754266211605
2019-02-11,-0.19655667144906744
2019-02-12,-0.1329923273657289
2019-02-13,-0.15950069348127602
2019-02-14,-0.2455
2019-02-15,-0.20757695343330704
2019-02-16,-0.24390243902439024
2019-02-17,-0.2495164410058027
2019-02-18,-0.251063829787234
2019-02-19,-0.12475116124751161
2019-02-20,-0.2581120943952802
2019-02-21,-0.29139406139909413
2019-02-22,-0.14650638617580766
2019-02-23,-0.31273408239700373
2019-02-24,-0.19400855920114124
2019-02-25,-0.13344182262001628
2019-02-26,-0.3594009983361065
2019-02-27,-0.13762971054068815
2019-02-28,-0.22864401397268974
2019-03-01,-0.2912593444508338
2019-03-02,-0.3873552983081033
2019-03-03,-0.3276422764227642
2019-03-04,-0.224910749702499
2019-03-05,-0.29516728624535316
2019-03-06,-0.2495291902071563
2019-03-07,-0.28356850250341376
2019-03-08,-0.2656731757451182
2019-03-09,-0.293398533007335
2019-03-10,-0.3069016152716593
2019-03-11,-0.1657486229344016
2019-03-12,0.04707792207792208
2019-03-13,-0.17474747474747473
2019-03-14,-0.17050912584053796
2019-03-15,-0.21121751025991792
2019-03-16,-0.3418560606060606
2019-03-17,-0.2875
2019-03-18,-0.11220779220779221
2019-03-19,-0.1743119266055046
2019-03-20,-0.0935788949726232
2019-03-21,-0.03182827535159141
2019-03-22,-0.20295767465578787
2019-03-23,-0.29499323410013534
2019-03-24,-0.2974137931034483
2019-03-25,-0.23244274809160306
2019-03-26,-0.2382716049382716
2019-03-27,-0.15917129863567459
2019-03-28,-0.2074384494499738
2019-03-29,-0.14887831407205981
2019-03-30,-0.15079365079365079
2019-03-31,-0.21834625322997417
2019-04-01,-0.09142212189616253
2019-04-02,-0.11538461538461539
2019-04-03,-0.1344
2019-04-04,-0.36643590355693484
2019-04-05,-0.19340974212034384
2019-04-06,-0.3177570093457944
2019-04-07,-0.274234693877551
2019-04-08,-0.13452914798206278
2019-04-09,-0.15507726269315672
2019-04-10,-0.2087912087912088
2019-04-11,-0.25721153846153844
2019-04-12,-0.24857414448669202
2019-04-13,-0.3606936416184971
2019-04-14,-0.3899895724713243
2019-04-15,-0.22624703087885986
2019-04-16,-0.11494937462775462
2019-04-17,0.016194331983805668
2019-04-18,-0.15189048239895697
2019-04-19,-0.27216748768472904
2019-04-20,-0.36351875808538164
2019-04-21,-0.4921956295525494
2019-04-22,-0.260989010989011
2019-04-23,-0.12113676731793961
2019-04-24,-0.19810403500243073
2019-04-25,-0.2873963071982874
2019-04-26,-0.30630354957160344
2019-04-27,-0.318561872909699
2019-04-28,-0.267349260523322
2019-04-29,-0.25665946724262056
2019-04-30,-0.05745341614906832
2019-05-01,-0.1618515066790929
2019-05-02,-0.24492979719188768
2019-05-03,-0.07357408032399596
2019-05-04,-0.1541135573580533
2019-05-05,-0.21566110397946084
2019-05-06,-0.1939655172413793
2019-05-07,-0.2169576059850374
2019-05-08,-0.22300140252454417
2019-05-09,-0.18276762402088773
2019-05-10,-0.23447860156720915
2019-05-11,-0.26465364120781526
2019-05-12,-0.27139874739039666
2019-05-13,-0.333879781420765
2019-05-14,-0.19397116644823068
2019-05-15,-0.07673568818514007
2019-05-16,-0.21953958450308816
2019-05-17,-0.3492063492063492
2019-05-18,-0.4088785046728972
2019-05-19,-0.3716475095785441
2019-05-20,-0.2336734693877551
2019-05-21,-0.2660234321157822
2019-05-22,-0.3616137644615841
2019-05-23,-0.31468128064609174
2019-05-24,-0.27656794425087106
2019-05-25,-0.35
2019-05-26,-0.34826589595375723
2019-05-27,-0.2427536231884058
2019-05-28,-0.2304921968787515
2019-05-29,-0.19918492103922567
2019-05-30,-0.26647727272727273
2019-05-31,-0.2823164426059979
2019-06-01,-0.41421568627450983
2019-06-02,-0.36947791164658633
2019-06-03,-0.40402273721031917
2019-06-04,-0.13734939759036144
2019-06-05,-0.13844456701599558
2019-06-06,-0.1130952380952381
2019-06-07,-0.08279430789133248
2019-06-08,-0.1824561403508772
2019-06-09,-0.13614262560777957
2019-06-10,-0.044805194805194806
2019-06-11,-0.16028815848716793
2019-06-12,-0.26209488022545796
2019-06-13,-0.17921146953405018
2019-06-14,-0.18364197530864199
2019-06-15,-0.18580375782881003
2019-06-16,-0.34205607476635513
2019-06-17,-0.07675438596491228
2019-06-18,-0.13416422287390029
2019-06-19,-0.20850367947669665
2019-06-20,-0.2139406487232574
2019-06-21,-0.20330578512396694
2019-06-22,-0.25553319919517103
2019-06-23,-0.14558472553699284
2019-06-24,-0.10451977401129943
2019-06-25,-0.2491638795986622
2019-06-26,-0.19126819126819128
2019-06-27,-0.22253521126760564
2019-06-28,-0.20282317979197623
2019-06-29,-0.1761252446183953
2019-06-30,-0.25314183123877915
2019-07-01,-0.13859111791730475
2019-07-02,-0.12744630071599045
2019-07-03,-0.09737417943107221
2019-07-04,-0.17687074829931973
2019-07-05,-0.0924548352816153
2019-07-06,-0.10434782608695652
2019-07-07,-0.09109730848861283
2019-07-08,-0.18768768768768768
2019-07-09,-0.03546099290780142
2019-07-10,-0.009512485136741973
2019-07-11,-0.07554945054945054
2019-07-12,0.0
2019-07-13,-0.12424849699398798
2019-07-14,-0.2184873949579832
2019-07-15,-0.03860294117647059
2019-07-16,-0.27204374572795625
2019-07-17,-0.125531914893617
2019-07-18,-0.02692778457772338
2019-07-19,-0.06458635703918723
2019-07-20,-0.3793103448275862
2019-07-21,-0.27293577981651373
2019-07-22,-0.06134969325153374
2019-07-23,-0.020854021847070508
2019-07-24,-0.23448748714432635
2019-07-25,-0.18694624926166567
2019-07-26,-0.021863117870722433
2019-07-27,-0.2074074074074074
2019-07-28,-0.21062271062271062
2019-07-29,-0.032913165266106444
2019-07-30,0.0004065040650406504
2019-07-31,-0.1519756838905775
2019-08-01,-0.24275782155272305
2019-08-02,-0.22813156053184044
2019-08-03,-0.335559265442404
2019-08-04,-0.2281449893390192
2019-08-05,-0.2507082152974504
2019-08-06,-0.18337408312958436
2019-08-07,-0.22720364741641338
2019-08-08,-0.05693069306930693
2019-08-09,-0.21068548387096775
2019-08-10,-0.2043343653250774
2019-08-11,-0.2682926829268293
2019-08-12,-0.19852941176470587
2019-08-13,-0.06460176991150443
2019-08-14,-0.22168284789644013
2019-08-15,-0.08847926267281106
2019-08-16,-0.14271151885830785
2019-08-17,-0.2765432098765432
2019-08-18,-0.3594936708860759
2019-08-19,-0.08440999138673558
2019-08-20,-0.27360441075120606
2019-08-21,-0.08323424494649227
2019-08-22,-0.2930379746835443
2019-08-23,-0.38923267326732675
2019-08-24,-0.4253075571177504
2019-08-25,-0.3948919449901768
2019-08-26,-0.2295390404515522
2019-08-27,-0.2663594470046083
2019-08-28,-0.25886524822695034
2019-08-29,-0.16893939393939394
2019-08-30,-0.17354196301564723
2019-08-31,-0.36416184971098264
2019-09-01,-0.38524590163934425
2019-09-02,-0.35355648535564854
2019-09-03,-0.18012422360248448
2019-09-04,-0.1830601092896175
2019-09-05,-0.060044477390659746
2019-09-06,-0.22654028436018958
2019-09-07,-0.2413793103448276
2019-09-08,-0.28
2019-09-09,-0.15767045454545456
2019-09-10,-0.08382687927107062
2019-09-11,0.004364694471387003
2019-09-12,-0.07482108002602472
2019-09-13,-0.25683407501589317
2019-09-14,-0.1921768707482993
2019-09-15,-0.22287968441814596
2019-09-16,-0.19769874476987448
2019-09-17,-0.20155038759689922
2019-09-18,-0.042275172943889314
2019-09-19,-0.0058997050147492625
2019-09-20,-0.19953416149068323
2019-09-21,-0.29069767441860467
2019-09-22,-0.2026431718061674
2019-09-23,-0.1974921630094044
2019-09-24,-0.3142692085499711
2019-09-25,-0.13082039911308205
2019-09-26,-0.15227127319257838
2019-09-27,-0.22092172640819313
2019-09-28,-0.4407027818448023
2019-09-29,-0.3675889328063241
2019-09-30,-0.09237228831350595
2019-10-01,-0.16566626650660263
2019-10-02,-0.2233169129720854
2019-10-03,-0.18535735037768739
2019-10-04,-0.033952594490711085
2019-10-05,-0.2517361111111111
2019-10-06,-0.2695984703632887
2019-10-07,-0.11164274322169059
2019-10-08,-0.3078817733990148
2019-10-09,-0.1482537419814683
2019-10-10,-0.18801261829652996
2019-10-11,-0.033380681818181816
2019-10-12,-0.32786885245901637
2019-10-13,-0.2733644859813084
2019-10-14,-0.13197172034564023
2019-10-15,-0.06838185511171294
2019-10-16,-0.11510263929618768
2019-10-17,-0.07410491257285595
2019-10-18,-0.13981042654028436
2019-10-19,-0.19426048565121412
2019-10-20,-0.27906976744186046
2019-10-21,0.035236081747709654
2019-10-22,-0.11192214111922141
2019-10-23,-0.027828348504551365
2019-10-24,-0.1647141518275539
2019-10-25,-0.03820391962292235
2019-10-26,-0.13906752411575563
2019-10-27,-0.09711286089238845
2019-10-28,0.002285714285714286
2019-10-29,-0.21308724832214765
2019-10-30,-0.05565293602103418
2019-10-31,-0.08192457737321196
2019-11-01,-0.0048484848484848485
2019-11-02,-0.027548209366391185
2019-11-03,-0.04719101123595506
2019-11-04,-0.05890804597701149
2019-11-05,-0.11558669001751314
2019-11-06,-0.07686932215234102
2019-11-07,-0.0427807486631016
2019-11-08,-0.14569961489088576
2019-11-09,-0.15172413793103448
2019-11-10,-0.11854684512428298
2019-11-11,0.006134969325153374
2019-11-12,-0.056
2019-11-13,-0.09777777777777778
2019-11-14,-0.17848557692307693
2019-11-15,-0.09306683322923173
2019-11-16,-0.09265734265734266
2019-11-17,-0.10687022900763359
2019-11-18,-0.015601783060921248
2019-11-19,0.0024052916416115455
2019-11-20,-0.14908662345315263
2019-11-21,-0.11533505154639176
2019-11-22,-0.29631592896899017
2019-11-23,-0.2817391304347826
2019-11-24,-0.1323943661971831
2019-11-25,-0.11274277593557555
2019-11-26,-0.12004530011325028
2019-11-27,-0.05555555555555555
2019-11-28,-0.16036308623298035
2019-11-29,-0.056422569027611044
2019-11-30,-0.08121827411167512
2019-12-01,-0.12727272727272726
2019-12-02,-0.034904013961605584
2019-12-03,-0.06231276213301378
2019-12-04,-0.08528198074277854
2019-12-05,-0.10033444816053512
2019-12-06,0.04209950792782941
2019-12-07,-0.10533333333333333
2019-12-08,-0.21487603305785125
2019-12-09,-0.06066411238825032
2019-12-10,-0.11885245901639344
2019-12-11,-0.038613081166272656
2019-12-12,-0.11777188328912466
2019-12-13,0.06240822320117474
2019-12-14,-0.22258064516129034
2019-12-15,-0.06972477064220184
2019-12-16,0.03235294117647059
2019-12-17,-0.02798708288482239
2019-12-18,-0.0007507507507507507
2019-12-19,0.04953820319059614
2019-12-20,0.0010357327809425167
2019-12-21,-0.07512953367875648
2019-12-22,-0.06717557251908397
2019-12-23,0.004231311706629055
2019-12-24,-0.04891304347826087
2019-12-25,-0.04572564612326044
2019-12-26,0.19529693104822637
2019-12-27,0.027660571964369433
2019-12-28,-0.07028360049321825
2019-12-29,-0.15733333333333333
2019-12-30,-0.07538167938931298
2019-12-31,0.0367561260210035
